{"epoch":{"0":0,"1":1,"2":2,"3":3,"4":4,"5":5,"6":6,"7":7,"8":8,"9":9,"10":10,"11":11,"12":12,"13":13,"14":14,"15":15,"16":16,"17":17,"18":18,"19":19,"20":20,"21":21,"22":22,"23":23,"24":24,"25":25,"26":26,"27":27,"28":28,"29":29,"30":30,"31":31,"32":32,"33":33,"34":34,"35":35,"36":36,"37":37,"38":38,"39":39,"40":40,"41":41,"42":42,"43":43,"44":44,"45":45,"46":46,"47":47,"48":48,"49":49},"avg_loss":{"0":0.6509615107,"1":0.4490430388,"2":0.3384069467,"3":0.2908338764,"4":0.2800592721,"5":0.2697258174,"6":0.2628345501,"7":0.2410702618,"8":0.2285206035,"9":0.2256258602,"10":0.2225329078,"11":0.2170340201,"12":0.2139711269,"13":0.2010259428,"14":0.1959892742,"15":0.1978482288,"16":0.1857696807,"17":0.1739549373,"18":0.1728229561,"19":0.1722944227,"20":0.1624391789,"21":0.1557849761,"22":0.1536678626,"23":0.1635683714,"24":0.1500718675,"25":0.1427356292,"26":0.1445539336,"27":0.1450897602,"28":0.1357465474,"29":0.133573284,"30":0.1309584374,"31":0.1209037814,"32":0.1274569879,"33":0.1163436024,"34":0.1288533138,"35":0.1101329235,"36":0.1149655319,"37":0.124406693,"38":0.1148902932,"39":0.1028839712,"40":0.0891561731,"41":0.0971275627,"42":0.1132796677,"43":0.0953143084,"44":0.1121177089,"45":0.0907167902,"46":0.0930791682,"47":0.0887054296,"48":0.0866893919,"49":0.0790798706},"avg_acc":{"0":0.6100000143,"1":0.8210000396,"2":0.8675000668,"3":0.8890000582,"4":0.8890000582,"5":0.8930000663,"6":0.8960000277,"7":0.9160000682,"8":0.911000073,"9":0.9155000448,"10":0.9135000706,"11":0.9135000706,"12":0.9205000401,"13":0.9165000319,"14":0.923500061,"15":0.9180000424,"16":0.9265000224,"17":0.9355000257,"18":0.9340000153,"19":0.9365000725,"20":0.943500042,"21":0.9355000257,"22":0.9425000548,"23":0.9340000153,"24":0.9445000291,"25":0.9415000677,"26":0.9455000162,"27":0.9455000162,"28":0.9525000453,"29":0.9525000453,"30":0.9460000396,"31":0.9580000639,"32":0.9525000453,"33":0.9550000429,"34":0.9555000663,"35":0.9585000277,"36":0.9600000381,"37":0.9580000639,"38":0.9570000172,"39":0.9610000253,"40":0.9710000753,"41":0.9645000696,"42":0.9600000381,"43":0.9680000544,"44":0.9610000253,"45":0.9695000648,"46":0.9670000672,"47":0.9700000286,"48":0.970500052,"49":0.9720000625},"avg_loss_val":{"0":0.5458452618,"1":0.3904793656,"2":0.3329884875,"3":0.3339967132,"4":0.3011639756,"5":0.3031723258,"6":0.3260988772,"7":0.3021382892,"8":0.2851134259,"9":0.2918556762,"10":0.3036104351,"11":0.3109470481,"12":0.3031731007,"13":0.2913905668,"14":0.3296127057,"15":0.3022122705,"16":0.3107777047,"17":0.3129647553,"18":0.2914979166,"19":0.3337516481,"20":0.2952452686,"21":0.2934894675,"22":0.3029080692,"23":0.2967325285,"24":0.329981263,"25":0.3189716893,"26":0.2914005116,"27":0.3045002359,"28":0.3214039969,"29":0.326025061,"30":0.3419608876,"31":0.3098600927,"32":0.3232486498,"33":0.2920582208,"34":0.298034229,"35":0.3107588738,"36":0.3220289564,"37":0.3543228643,"38":0.3674701148,"39":0.3105035801,"40":0.3151589635,"41":0.3552556238,"42":0.3423140556,"43":0.3317706081,"44":0.3391391176,"45":0.3627064836,"46":0.367005392,"47":0.3483465534,"48":0.3591012502,"49":0.3619936717},"avg_acc_val":{"0":0.7487499714,"1":0.8362500072,"2":0.8612499833,"3":0.8637499809,"4":0.8837499619,"5":0.8637499809,"6":0.8675000072,"7":0.8774999976,"8":0.8874999881,"9":0.8799999952,"10":0.8725000024,"11":0.8712499738,"12":0.8774999976,"13":0.8837499619,"14":0.8725000024,"15":0.8887499571,"16":0.8812499642,"17":0.876249969,"18":0.8887499571,"19":0.8812499642,"20":0.8862499595,"21":0.8774999976,"22":0.8862499595,"23":0.8849999905,"24":0.8799999952,"25":0.8899999857,"26":0.9037500024,"27":0.8849999905,"28":0.8874999881,"29":0.8962500095,"30":0.8812499642,"31":0.8837499619,"32":0.8812499642,"33":0.876249969,"34":0.8862499595,"35":0.9012500048,"36":0.8924999833,"37":0.8849999905,"38":0.8824999928,"39":0.8899999857,"40":0.8912499547,"41":0.8812499642,"42":0.8837499619,"43":0.8949999809,"44":0.8824999928,"45":0.8949999809,"46":0.8887499571,"47":0.8924999833,"48":0.8849999905,"49":0.8949999809},"device_type":{"0":"cuda","1":"cuda","2":"cuda","3":"cuda","4":"cuda","5":"cuda","6":"cuda","7":"cuda","8":"cuda","9":"cuda","10":"cuda","11":"cuda","12":"cuda","13":"cuda","14":"cuda","15":"cuda","16":"cuda","17":"cuda","18":"cuda","19":"cuda","20":"cuda","21":"cuda","22":"cuda","23":"cuda","24":"cuda","25":"cuda","26":"cuda","27":"cuda","28":"cuda","29":"cuda","30":"cuda","31":"cuda","32":"cuda","33":"cuda","34":"cuda","35":"cuda","36":"cuda","37":"cuda","38":"cuda","39":"cuda","40":"cuda","41":"cuda","42":"cuda","43":"cuda","44":"cuda","45":"cuda","46":"cuda","47":"cuda","48":"cuda","49":"cuda"}}