{"epoch":{"0":0,"1":1,"2":2,"3":3,"4":4,"5":5,"6":6,"7":7,"8":8,"9":9,"10":10,"11":11,"12":12,"13":13,"14":14,"15":15,"16":16,"17":17,"18":18,"19":19,"20":20,"21":21,"22":22,"23":23,"24":24,"25":25,"26":26,"27":27,"28":28,"29":29,"30":30,"31":31,"32":32,"33":33,"34":34,"35":35,"36":36,"37":37,"38":38,"39":39,"40":40,"41":41,"42":42,"43":43,"44":44,"45":45,"46":46,"47":47,"48":48,"49":49},"avg_loss":{"0":0.6252374353,"1":0.4373772211,"2":0.2934601316,"3":0.2399727384,"4":0.200920545,"5":0.1758879449,"6":0.1677884445,"7":0.1703922005,"8":0.1537615074,"9":0.1551059959,"10":0.1404248264,"11":0.1317196643,"12":0.139805868,"13":0.1239935447,"14":0.1173292536,"15":0.1164788771,"16":0.1154477373,"17":0.101725532,"18":0.1064089456,"19":0.1115673571,"20":0.084907433,"21":0.0996561837,"22":0.0890619997,"23":0.0945626733,"24":0.0924299954,"25":0.0859225155,"26":0.0868495001,"27":0.0720095377,"28":0.0826055337,"29":0.0769405307,"30":0.0787043021,"31":0.079146804,"32":0.0682868912,"33":0.0691068028,"34":0.0764470757,"35":0.066672151,"36":0.0575305246,"37":0.0651991487,"38":0.0749765062,"39":0.0616748473,"40":0.0696200818,"41":0.0558783715,"42":0.0536171044,"43":0.0728348262,"44":0.0563172443,"45":0.0466209237,"46":0.0547037748,"47":0.0484839048,"48":0.0590598496,"49":0.0484098202},"avg_acc":{"0":0.6500000358,"1":0.8415000439,"2":0.8950000405,"3":0.908000052,"4":0.9230000377,"5":0.9345000386,"6":0.9335000515,"7":0.9305000305,"8":0.9445000291,"9":0.9415000677,"10":0.9460000396,"11":0.9485000372,"12":0.9510000348,"13":0.95600003,"14":0.959000051,"15":0.9545000196,"16":0.9555000663,"17":0.9650000334,"18":0.9655000567,"19":0.959000051,"20":0.9740000367,"21":0.9555000663,"22":0.9660000205,"23":0.9670000672,"24":0.9655000567,"25":0.9700000286,"26":0.967500031,"27":0.9760000706,"28":0.9665000439,"29":0.9700000286,"30":0.973500073,"31":0.9720000625,"32":0.9750000238,"33":0.973500073,"34":0.9715000391,"35":0.9770000577,"36":0.9785000682,"37":0.9775000215,"38":0.9715000391,"39":0.9760000706,"40":0.9745000601,"41":0.9785000682,"42":0.9805000424,"43":0.9725000262,"44":0.9785000682,"45":0.9850000739,"46":0.9835000634,"47":0.9815000296,"48":0.9815000296,"49":0.9845000505},"avg_loss_val":{"0":0.5178235006,"1":0.3715899014,"2":0.278533144,"3":0.2381204271,"4":0.2221787757,"5":0.2067525437,"6":0.2137634483,"7":0.1920375192,"8":0.216943123,"9":0.1650738397,"10":0.1931509873,"11":0.1704202393,"12":0.1784332097,"13":0.169262663,"14":0.1866225144,"15":0.1725394344,"16":0.188778646,"17":0.1868011591,"18":0.1991194341,"19":0.1862364882,"20":0.1770335531,"21":0.1851199751,"22":0.1797500469,"23":0.1730067011,"24":0.184887237,"25":0.1744273224,"26":0.2035834573,"27":0.1730555341,"28":0.1565323809,"29":0.1823199637,"30":0.1800481992,"31":0.2028594774,"32":0.1782267867,"33":0.1556162286,"34":0.192248518,"35":0.2027379204,"36":0.1677941244,"37":0.1669202782,"38":0.190655768,"39":0.2075726872,"40":0.1812085511,"41":0.1996467824,"42":0.1674803316,"43":0.1879066032,"44":0.1921598243,"45":0.1750511304,"46":0.2027855876,"47":0.2119565186,"48":0.2111212943,"49":0.1754571345},"avg_acc_val":{"0":0.7962499857,"1":0.8637499809,"2":0.9012500048,"3":0.9137499928,"4":0.9162499905,"5":0.9199999571,"6":0.9224999547,"7":0.9424999952,"8":0.9249999523,"9":0.9312499762,"10":0.9287499785,"11":0.9362499714,"12":0.9325000048,"13":0.9362499714,"14":0.9399999976,"15":0.9437499642,"16":0.9412499666,"17":0.9300000072,"18":0.9312499762,"19":0.9337499738,"20":0.9424999952,"21":0.9412499666,"22":0.9399999976,"23":0.9412499666,"24":0.9312499762,"25":0.9487499595,"26":0.9362499714,"27":0.9399999976,"28":0.938749969,"29":0.9350000024,"30":0.9399999976,"31":0.938749969,"32":0.9512499571,"33":0.9512499571,"34":0.9350000024,"35":0.9412499666,"36":0.9487499595,"37":0.9462499619,"38":0.9362499714,"39":0.9424999952,"40":0.9449999928,"41":0.9399999976,"42":0.9499999881,"43":0.9549999833,"44":0.9449999928,"45":0.9549999833,"46":0.9474999905,"47":0.9449999928,"48":0.938749969,"49":0.9524999857},"device_type":{"0":"cuda","1":"cuda","2":"cuda","3":"cuda","4":"cuda","5":"cuda","6":"cuda","7":"cuda","8":"cuda","9":"cuda","10":"cuda","11":"cuda","12":"cuda","13":"cuda","14":"cuda","15":"cuda","16":"cuda","17":"cuda","18":"cuda","19":"cuda","20":"cuda","21":"cuda","22":"cuda","23":"cuda","24":"cuda","25":"cuda","26":"cuda","27":"cuda","28":"cuda","29":"cuda","30":"cuda","31":"cuda","32":"cuda","33":"cuda","34":"cuda","35":"cuda","36":"cuda","37":"cuda","38":"cuda","39":"cuda","40":"cuda","41":"cuda","42":"cuda","43":"cuda","44":"cuda","45":"cuda","46":"cuda","47":"cuda","48":"cuda","49":"cuda"}}