{"epoch":{"0":0,"1":1,"2":2,"3":3,"4":4,"5":5,"6":6,"7":7,"8":8,"9":9,"10":10,"11":11,"12":0,"13":1,"14":2,"15":3,"16":4,"17":5,"18":6,"19":7,"20":8,"21":9,"22":10,"23":11,"24":0,"25":1,"26":2,"27":3,"28":4,"29":5,"30":6,"31":7,"32":8,"33":9,"34":10,"35":11,"36":0,"37":1,"38":2,"39":3,"40":4,"41":5,"42":6,"43":7,"44":8,"45":9,"46":10,"47":11},"avg_loss":{"0":0.5912334442,"1":0.4379452891,"2":0.4012900023,"3":0.3972845165,"4":0.3476919279,"5":0.340876323,"6":0.3339444335,"7":0.3160964172,"8":0.3074030894,"9":0.3121973951,"10":0.2911796393,"11":0.2744786073,"12":0.2468147757,"13":0.2218334976,"14":0.201781522,"15":0.195603964,"16":0.1916898781,"17":0.1974679035,"18":0.1744391529,"19":0.1741608113,"20":0.1813974755,"21":0.1594039922,"22":0.1559842902,"23":0.1386416368,"24":0.1722130572,"25":0.1650898855,"26":0.1461208381,"27":0.1274950087,"28":0.131183904,"29":0.1352963472,"30":0.1250228705,"31":0.1140940512,"32":0.1068158413,"33":0.1142269179,"34":0.1109500861,"35":0.0904053023,"36":0.1745154711,"37":0.1660545927,"38":0.149472393,"39":0.1405731603,"40":0.1455345334,"41":0.135171429,"42":0.1330320159,"43":0.137553693,"44":0.123682989,"45":0.124085422,"46":0.1110197439,"47":0.1025623722},"avg_acc":{"0":0.6890000105,"1":0.8050000668,"2":0.8205000162,"3":0.8325000405,"4":0.8470000625,"5":0.8475000262,"6":0.8540000319,"7":0.8640000224,"8":0.8730000257,"9":0.8690000176,"10":0.8865000606,"11":0.8815000653,"12":0.905000031,"13":0.9090000391,"14":0.9205000401,"15":0.9275000691,"16":0.9220000505,"17":0.9200000167,"18":0.9295000434,"19":0.92900002,"20":0.932000041,"21":0.9380000234,"22":0.9340000153,"23":0.9440000653,"24":0.9355000257,"25":0.9385000467,"26":0.9455000162,"27":0.9515000582,"28":0.9490000606,"29":0.9475000501,"30":0.9495000243,"31":0.9535000324,"32":0.9645000696,"33":0.9580000639,"34":0.9550000429,"35":0.9725000262,"36":0.9400000572,"37":0.9390000701,"38":0.9440000653,"39":0.9500000477,"40":0.9485000372,"41":0.9495000243,"42":0.9445000291,"43":0.9470000267,"44":0.9520000219,"45":0.9570000172,"46":0.9600000381,"47":0.9605000615},"avg_loss_val":{"0":0.4859656,"1":0.4783129466,"2":0.4194004357,"3":0.4612737924,"4":0.4021041089,"5":0.3869942838,"6":0.3794748867,"7":0.4053652954,"8":0.3798264599,"9":0.4187055439,"10":0.3991169095,"11":0.3792884573,"12":0.2665387619,"13":0.2698005366,"14":0.2459882504,"15":0.2849918988,"16":0.2430653489,"17":0.2390625459,"18":0.2248000495,"19":0.2281695995,"20":0.2651255569,"21":0.2730920756,"22":0.2399711856,"23":0.2543752819,"24":0.1818071294,"25":0.1666614285,"26":0.1771273442,"27":0.1885409111,"28":0.1774709517,"29":0.1779143542,"30":0.1616355599,"31":0.1815103576,"32":0.1665293166,"33":0.1838814215,"34":0.1773762016,"35":0.1743754885,"36":0.1976805899,"37":0.1877491164,"38":0.1876315507,"39":0.198051009,"40":0.1875806364,"41":0.1941130164,"42":0.1845912544,"43":0.1916799483,"44":0.199424461,"45":0.2033895168,"46":0.1872788709,"47":0.2070127331},"avg_acc_val":{"0":0.78125,"1":0.7887499928,"2":0.8087499738,"3":0.7937499881,"4":0.8224999905,"5":0.8149999976,"6":0.844999969,"7":0.8374999762,"8":0.8399999738,"9":0.8349999785,"10":0.844999969,"11":0.8412500024,"12":0.8974999785,"13":0.8874999881,"14":0.9112499952,"15":0.8949999809,"16":0.907499969,"17":0.9137499928,"18":0.9174999595,"19":0.9199999571,"20":0.9037500024,"21":0.9099999666,"22":0.9124999642,"23":0.9137499928,"24":0.9474999905,"25":0.9499999881,"26":0.9474999905,"27":0.9325000048,"28":0.9412499666,"29":0.9449999928,"30":0.9375,"31":0.9274999499,"32":0.9375,"33":0.938749969,"34":0.9412499666,"35":0.9524999857,"36":0.9437499642,"37":0.9300000072,"38":0.938749969,"39":0.9337499738,"40":0.9375,"41":0.9337499738,"42":0.938749969,"43":0.9312499762,"44":0.9312499762,"45":0.9237499833,"46":0.9449999928,"47":0.9262499809},"device_type":{"0":"cuda","1":"cuda","2":"cuda","3":"cuda","4":"cuda","5":"cuda","6":"cuda","7":"cuda","8":"cuda","9":"cuda","10":"cuda","11":"cuda","12":"cuda","13":"cuda","14":"cuda","15":"cuda","16":"cuda","17":"cuda","18":"cuda","19":"cuda","20":"cuda","21":"cuda","22":"cuda","23":"cuda","24":"cuda","25":"cuda","26":"cuda","27":"cuda","28":"cuda","29":"cuda","30":"cuda","31":"cuda","32":"cuda","33":"cuda","34":"cuda","35":"cuda","36":"cuda","37":"cuda","38":"cuda","39":"cuda","40":"cuda","41":"cuda","42":"cuda","43":"cuda","44":"cuda","45":"cuda","46":"cuda","47":"cuda"}}