{"epoch":{"0":0,"1":1,"2":2,"3":3,"4":4,"5":5,"6":6,"7":7,"8":8,"9":9,"10":10,"11":11,"12":12,"13":13,"14":14,"15":15,"16":16,"17":17,"18":18,"19":19,"20":20,"21":21,"22":22,"23":23,"24":24,"25":25,"26":26,"27":27,"28":28,"29":29,"30":30,"31":31,"32":32,"33":33,"34":34,"35":35,"36":36,"37":37,"38":38,"39":39,"40":40,"41":41,"42":42,"43":43,"44":44,"45":45,"46":46,"47":47,"48":48,"49":49},"avg_loss":{"0":0.6418518019,"1":0.4414730043,"2":0.3152161038,"3":0.2570690582,"4":0.2272410387,"5":0.2115738777,"6":0.2112218426,"7":0.1957837545,"8":0.1864407356,"9":0.1733518354,"10":0.1765561564,"11":0.154508344,"12":0.1571453511,"13":0.1577059284,"14":0.1426895473,"15":0.1407996367,"16":0.122715992,"17":0.1298015894,"18":0.130747404,"19":0.1215924286,"20":0.1227065211,"21":0.1109501838,"22":0.1121452811,"23":0.1193009329,"24":0.1026307708,"25":0.0974934056,"26":0.1079744,"27":0.0959467292,"28":0.0990029366,"29":0.0996615158,"30":0.0960719961,"31":0.0922233887,"32":0.0844045914,"33":0.0820097252,"34":0.0824374547,"35":0.0765086244,"36":0.073887112,"37":0.0705919659,"38":0.0843142503,"39":0.0722010351,"40":0.076360267,"41":0.0649503893,"42":0.0554879808,"43":0.0668955708,"44":0.0698717383,"45":0.0570191005,"46":0.0601753926,"47":0.0592979183,"48":0.0659960007,"49":0.0607278723},"avg_acc":{"0":0.6305000186,"1":0.842500031,"2":0.8795000315,"3":0.899500072,"4":0.9115000367,"5":0.9125000238,"6":0.9160000682,"7":0.9260000587,"8":0.9180000424,"9":0.9300000668,"10":0.9265000224,"11":0.9420000315,"12":0.9425000548,"13":0.9380000234,"14":0.9410000443,"15":0.9465000629,"16":0.9510000348,"17":0.9510000348,"18":0.9550000429,"19":0.9520000219,"20":0.9495000243,"21":0.9610000253,"22":0.9550000429,"23":0.9555000663,"24":0.9610000253,"25":0.9625000358,"26":0.9610000253,"27":0.9605000615,"28":0.9610000253,"29":0.9630000591,"30":0.9625000358,"31":0.9615000486,"32":0.967500031,"33":0.9695000648,"34":0.9700000286,"35":0.973500073,"36":0.973500073,"37":0.9745000601,"38":0.9725000262,"39":0.9750000238,"40":0.9730000496,"41":0.9770000577,"42":0.9810000658,"43":0.973500073,"44":0.9745000601,"45":0.9815000296,"46":0.9750000238,"47":0.9765000343,"48":0.9755000472,"49":0.9795000553},"avg_loss_val":{"0":0.5412803185,"1":0.3913271928,"2":0.3160640073,"3":0.2661065739,"4":0.2652944672,"5":0.240315364,"6":0.2411387238,"7":0.2524917126,"8":0.2320948765,"9":0.2165324363,"10":0.1825461517,"11":0.2259148197,"12":0.2235725497,"13":0.2340481186,"14":0.2476341398,"15":0.2190906116,"16":0.2143983665,"17":0.2302166387,"18":0.2049075332,"19":0.2315587327,"20":0.2316490151,"21":0.2035207236,"22":0.2143582696,"23":0.1822965466,"24":0.213798803,"25":0.2498804352,"26":0.2241610293,"27":0.2255448286,"28":0.2288927397,"29":0.2075006402,"30":0.2230006206,"31":0.1933566701,"32":0.2102087051,"33":0.239076736,"34":0.1920359567,"35":0.2172958925,"36":0.2358954951,"37":0.2247930604,"38":0.192793586,"39":0.214392769,"40":0.2272622536,"41":0.2168583062,"42":0.2370738594,"43":0.2085462932,"44":0.236662701,"45":0.2197424622,"46":0.2240814967,"47":0.2516528891,"48":0.2319459483,"49":0.2293782845},"avg_acc_val":{"0":0.7637499571,"1":0.8612499833,"2":0.8799999952,"3":0.8962500095,"4":0.8974999785,"5":0.8962500095,"6":0.90625,"7":0.9087499976,"8":0.9237499833,"9":0.9137499928,"10":0.9412499666,"11":0.9124999642,"12":0.9325000048,"13":0.907499969,"14":0.9112499952,"15":0.9300000072,"16":0.9199999571,"17":0.9187499881,"18":0.9249999523,"19":0.9224999547,"20":0.9262499809,"21":0.9325000048,"22":0.9249999523,"23":0.9375,"24":0.9249999523,"25":0.9162499905,"26":0.9337499738,"27":0.9274999499,"28":0.9162499905,"29":0.9312499762,"30":0.9249999523,"31":0.9424999952,"32":0.9412499666,"33":0.9300000072,"34":0.938749969,"35":0.9224999547,"36":0.9199999571,"37":0.9237499833,"38":0.9325000048,"39":0.9224999547,"40":0.9312499762,"41":0.9274999499,"42":0.9300000072,"43":0.9274999499,"44":0.9237499833,"45":0.9325000048,"46":0.9287499785,"47":0.9224999547,"48":0.9224999547,"49":0.9224999547},"device_type":{"0":"cuda","1":"cuda","2":"cuda","3":"cuda","4":"cuda","5":"cuda","6":"cuda","7":"cuda","8":"cuda","9":"cuda","10":"cuda","11":"cuda","12":"cuda","13":"cuda","14":"cuda","15":"cuda","16":"cuda","17":"cuda","18":"cuda","19":"cuda","20":"cuda","21":"cuda","22":"cuda","23":"cuda","24":"cuda","25":"cuda","26":"cuda","27":"cuda","28":"cuda","29":"cuda","30":"cuda","31":"cuda","32":"cuda","33":"cuda","34":"cuda","35":"cuda","36":"cuda","37":"cuda","38":"cuda","39":"cuda","40":"cuda","41":"cuda","42":"cuda","43":"cuda","44":"cuda","45":"cuda","46":"cuda","47":"cuda","48":"cuda","49":"cuda"}}