{"epoch":{"0":0,"1":1,"2":2,"3":3,"4":4,"5":5,"6":6,"7":7,"8":8,"9":9,"10":10,"11":11,"12":0,"13":1,"14":2,"15":3,"16":4,"17":5,"18":6,"19":7,"20":8,"21":9,"22":10,"23":11,"24":0,"25":1,"26":2,"27":3,"28":4,"29":5,"30":6,"31":7,"32":8,"33":9,"34":10,"35":11,"36":0,"37":1,"38":2,"39":3,"40":4,"41":5,"42":6,"43":7,"44":8,"45":9,"46":10,"47":11},"avg_loss":{"0":0.6378352547,"1":0.4649082804,"2":0.4373842812,"3":0.419593143,"4":0.382978884,"5":0.3641274421,"6":0.374745574,"7":0.3602760446,"8":0.3367750416,"9":0.3351324328,"10":0.3345173897,"11":0.3071133053,"12":0.3034221611,"13":0.2849969018,"14":0.2646812842,"15":0.2637248067,"16":0.2382164962,"17":0.2452837176,"18":0.2391168607,"19":0.2274365981,"20":0.2318088537,"21":0.217704886,"22":0.2102844678,"23":0.2004875519,"24":0.2331251204,"25":0.2215186449,"26":0.2181222419,"27":0.2086896255,"28":0.1797577273,"29":0.1859759115,"30":0.1677832244,"31":0.1642955444,"32":0.1607892818,"33":0.168809734,"34":0.1542657333,"35":0.1514819755,"36":0.2265971489,"37":0.2253103492,"38":0.2056456987,"39":0.2066002065,"40":0.1899881924,"41":0.1799947564,"42":0.1822872306,"43":0.1867004879,"44":0.1853560003,"45":0.171938926,"46":0.1723920144,"47":0.1719053535},"avg_acc":{"0":0.6540000439,"1":0.7880000472,"2":0.8095000386,"3":0.8125000596,"4":0.8415000439,"5":0.8420000672,"6":0.8330000639,"7":0.8440000415,"8":0.8550000191,"9":0.8585000634,"10":0.8555000424,"11":0.8720000386,"12":0.8885000348,"13":0.8920000196,"14":0.8945000172,"15":0.8930000663,"16":0.9075000286,"17":0.9020000696,"18":0.9150000215,"19":0.9140000343,"20":0.9130000472,"21":0.9115000367,"22":0.9190000296,"23":0.9195000529,"24":0.9130000472,"25":0.911000073,"26":0.9175000191,"27":0.9225000143,"28":0.9330000281,"29":0.9295000434,"30":0.9330000281,"31":0.9365000725,"32":0.9385000467,"33":0.935000062,"34":0.9400000572,"35":0.935000062,"36":0.9135000706,"37":0.9145000577,"38":0.9175000191,"39":0.9215000272,"40":0.9255000353,"41":0.9325000644,"42":0.9305000305,"43":0.9260000587,"44":0.9250000715,"45":0.935000062,"46":0.92900002,"47":0.932000041},"avg_loss_val":{"0":0.5206940913,"1":0.4962863767,"2":0.461408298,"3":0.4559278566,"4":0.4240080559,"5":0.4203147858,"6":0.4429509652,"7":0.415405854,"8":0.4319770193,"9":0.4139768481,"10":0.3975283581,"11":0.4349469084,"12":0.3623931068,"13":0.335203495,"14":0.3500335026,"15":0.3177873167,"16":0.3398511791,"17":0.3133018678,"18":0.3199142402,"19":0.327592189,"20":0.3436723053,"21":0.298030577,"22":0.3067278641,"23":0.3150442457,"24":0.2919956219,"25":0.2615497315,"26":0.271686103,"27":0.2730888987,"28":0.3027913287,"29":0.2723401168,"30":0.2385154483,"31":0.2820522687,"32":0.268895786,"33":0.2758792838,"34":0.2471101484,"35":0.2412702394,"36":0.2892868,"37":0.2802380151,"38":0.2780275425,"39":0.2814083168,"40":0.2691503462,"41":0.2683003837,"42":0.2589995223,"43":0.2566013409,"44":0.258515496,"45":0.2665851694,"46":0.2829687153,"47":0.2677713624},"avg_acc_val":{"0":0.7362499833,"1":0.7624999881,"2":0.7937499881,"3":0.7862499952,"4":0.8149999976,"5":0.8075000048,"6":0.8100000024,"7":0.8100000024,"8":0.8125,"9":0.8237499595,"10":0.8337500095,"11":0.8100000024,"12":0.8487499952,"13":0.8712499738,"14":0.8624999523,"15":0.8824999928,"16":0.8599999547,"17":0.876249969,"18":0.8650000095,"19":0.8712499738,"20":0.8612499833,"21":0.8874999881,"22":0.8849999905,"23":0.8899999857,"24":0.8874999881,"25":0.9024999738,"26":0.8987500072,"27":0.8974999785,"28":0.8899999857,"29":0.9049999714,"30":0.90625,"31":0.8949999809,"32":0.8974999785,"33":0.9087499976,"34":0.8949999809,"35":0.9137499928,"36":0.8849999905,"37":0.8924999833,"38":0.8949999809,"39":0.8887499571,"40":0.9012500048,"41":0.8924999833,"42":0.9037500024,"43":0.8949999809,"44":0.8999999762,"45":0.8912499547,"46":0.8949999809,"47":0.9024999738},"device_type":{"0":"cuda","1":"cuda","2":"cuda","3":"cuda","4":"cuda","5":"cuda","6":"cuda","7":"cuda","8":"cuda","9":"cuda","10":"cuda","11":"cuda","12":"cuda","13":"cuda","14":"cuda","15":"cuda","16":"cuda","17":"cuda","18":"cuda","19":"cuda","20":"cuda","21":"cuda","22":"cuda","23":"cuda","24":"cuda","25":"cuda","26":"cuda","27":"cuda","28":"cuda","29":"cuda","30":"cuda","31":"cuda","32":"cuda","33":"cuda","34":"cuda","35":"cuda","36":"cuda","37":"cuda","38":"cuda","39":"cuda","40":"cuda","41":"cuda","42":"cuda","43":"cuda","44":"cuda","45":"cuda","46":"cuda","47":"cuda"}}