{"epoch":{"0":0,"1":1,"2":2,"3":3,"4":4,"5":5,"6":6,"7":7,"8":8,"9":9,"10":10,"11":11,"12":12,"13":13,"14":14,"15":15,"16":16,"17":17,"18":18,"19":19,"20":20,"21":21,"22":22,"23":23,"24":24,"25":25,"26":26,"27":27,"28":28,"29":29,"30":30,"31":31,"32":32,"33":33,"34":34,"35":35,"36":36,"37":37,"38":38,"39":39,"40":40,"41":41,"42":42,"43":43,"44":44,"45":45,"46":46,"47":47,"48":48,"49":49},"avg_loss":{"0":0.6136861792,"1":0.4275735621,"2":0.337494802,"3":0.2824776388,"4":0.2579354713,"5":0.2533858805,"6":0.2451169977,"7":0.220527152,"8":0.2139061341,"9":0.2089088775,"10":0.1937289009,"11":0.1976883574,"12":0.1742070056,"13":0.1825197887,"14":0.1801610251,"15":0.1645208072,"16":0.1684484136,"17":0.1576074381,"18":0.1598957223,"19":0.139203362,"20":0.1477193367,"21":0.1399034678,"22":0.1483815058,"23":0.1264477993,"24":0.1354743743,"25":0.1285665559,"26":0.1337676385,"27":0.1177158852,"28":0.1252927548,"29":0.1219474712,"30":0.1171035234,"31":0.1142482218,"32":0.1183570808,"33":0.09763829,"34":0.103056453,"35":0.0995514469,"36":0.1001482693,"37":0.0999509761,"38":0.0936303884,"39":0.0863177527,"40":0.0899095744,"41":0.0915659861,"42":0.088467344,"43":0.0839552984,"44":0.0880445179,"45":0.0893624414,"46":0.0943085135,"47":0.0849725459,"48":0.0784946535,"49":0.0809263916},"avg_acc":{"0":0.6690000296,"1":0.8360000253,"2":0.8630000353,"3":0.8885000348,"4":0.9025000334,"5":0.8970000148,"6":0.905000031,"7":0.9130000472,"8":0.911000073,"9":0.9215000272,"10":0.9225000143,"11":0.9265000224,"12":0.9355000257,"13":0.92900002,"14":0.9270000458,"15":0.9365000725,"16":0.932000041,"17":0.9380000234,"18":0.9425000548,"19":0.9490000606,"20":0.9440000653,"21":0.9460000396,"22":0.9480000734,"23":0.9535000324,"24":0.9410000443,"25":0.9510000348,"26":0.9475000501,"27":0.9545000196,"28":0.9540000558,"29":0.9550000429,"30":0.9550000429,"31":0.9540000558,"32":0.9565000534,"33":0.9655000567,"34":0.9605000615,"35":0.9635000229,"36":0.9625000358,"37":0.9585000277,"38":0.9665000439,"39":0.9695000648,"40":0.9710000753,"41":0.9670000672,"42":0.967500031,"43":0.9715000391,"44":0.9685000181,"45":0.9660000205,"46":0.9660000205,"47":0.9670000672,"48":0.970500052,"49":0.9715000391},"avg_loss_val":{"0":0.5237557578,"1":0.3867378557,"2":0.3317480212,"3":0.305705533,"4":0.2708086419,"5":0.2853090072,"6":0.2827130139,"7":0.2633976537,"8":0.2663808429,"9":0.2685678202,"10":0.2663267937,"11":0.2577636868,"12":0.2781747586,"13":0.2577411506,"14":0.2571485323,"15":0.260186545,"16":0.2645797911,"17":0.2646030238,"18":0.2726363054,"19":0.2739703158,"20":0.2504518586,"21":0.2524473025,"22":0.2431307361,"23":0.2473497422,"24":0.2721469234,"25":0.274900156,"26":0.2851698259,"27":0.2573675925,"28":0.3104955456,"29":0.2776114345,"30":0.2918741396,"31":0.2697373551,"32":0.2730412611,"33":0.2628534009,"34":0.2654779011,"35":0.2943152849,"36":0.2696255311,"37":0.2793844545,"38":0.2694474846,"39":0.2889427835,"40":0.2621328478,"41":0.2542427509,"42":0.2832516913,"43":0.3011653313,"44":0.3268247736,"45":0.2795262802,"46":0.2197661424,"47":0.2855863921,"48":0.3272418267,"49":0.3179160942},"avg_acc_val":{"0":0.7724999785,"1":0.8387500048,"2":0.8662499785,"3":0.8787499666,"4":0.8987500072,"5":0.8962500095,"6":0.8924999833,"7":0.8974999785,"8":0.8974999785,"9":0.8949999809,"10":0.8999999762,"11":0.9049999714,"12":0.8924999833,"13":0.8899999857,"14":0.8962500095,"15":0.9049999714,"16":0.907499969,"17":0.8999999762,"18":0.8937499523,"19":0.8924999833,"20":0.9049999714,"21":0.90625,"22":0.8987500072,"23":0.9012500048,"24":0.8974999785,"25":0.9024999738,"26":0.90625,"27":0.907499969,"28":0.8937499523,"29":0.8849999905,"30":0.8912499547,"31":0.9099999666,"32":0.90625,"33":0.907499969,"34":0.9112499952,"35":0.907499969,"36":0.9137499928,"37":0.9049999714,"38":0.8937499523,"39":0.9087499976,"40":0.9049999714,"41":0.9162499905,"42":0.9037500024,"43":0.9099999666,"44":0.8974999785,"45":0.9049999714,"46":0.9199999571,"47":0.9037500024,"48":0.8949999809,"49":0.9024999738},"device_type":{"0":"cuda","1":"cuda","2":"cuda","3":"cuda","4":"cuda","5":"cuda","6":"cuda","7":"cuda","8":"cuda","9":"cuda","10":"cuda","11":"cuda","12":"cuda","13":"cuda","14":"cuda","15":"cuda","16":"cuda","17":"cuda","18":"cuda","19":"cuda","20":"cuda","21":"cuda","22":"cuda","23":"cuda","24":"cuda","25":"cuda","26":"cuda","27":"cuda","28":"cuda","29":"cuda","30":"cuda","31":"cuda","32":"cuda","33":"cuda","34":"cuda","35":"cuda","36":"cuda","37":"cuda","38":"cuda","39":"cuda","40":"cuda","41":"cuda","42":"cuda","43":"cuda","44":"cuda","45":"cuda","46":"cuda","47":"cuda","48":"cuda","49":"cuda"}}